{"cameraMode":{"drawMode":0,"name":"Shaded","section":"Shading Mode"},"sceneLighting":false,"audioPlay":false,"sceneViewState":{"m_AlwaysRefresh":false,"showFog":true,"showSkybox":false,"showFlares":true,"showImageEffects":true,"showParticleSystems":true,"showVisualEffectGraphs":true,"m_FxEnabled":true},"in2DMode":false,"pivot":{"x":0.7510663866996765,"y":1.057190179824829,"z":-1.4881120920181275},"rotation":{"x":0.10855986922979355,"y":-0.011517103761434555,"z":0.0019909851253032686,"w":0.9940204620361328},"size":0.4141428470611572,"orthographic":false}