{"cameraMode":{"drawMode":0,"name":"Shaded","section":"Shading Mode"},"sceneLighting":false,"audioPlay":false,"sceneViewState":{"m_AlwaysRefresh":false,"showFog":true,"showSkybox":false,"showFlares":true,"showImageEffects":true,"showParticleSystems":true,"showVisualEffectGraphs":true,"m_FxEnabled":true},"in2DMode":false,"pivot":{"x":-0.49515485763549807,"y":1.0306472778320313,"z":2.2984583377838136},"rotation":{"x":-0.07073447853326798,"y":-0.021845152601599695,"z":0.001552112866193056,"w":-0.9972602128982544},"size":3.114142656326294,"orthographic":false}